name,address,phone
ACE American Insurance Company,"436 Walnut Street P.O. Box 1000, Philadelphia, PA 19106",(215) 640-1000
ACE Property and Casualty Insurance Company,"436 WALNUT STREET, P.O. Box 1000, Philadelphia, PA 19106",(215) 640-1000
ACSTAR INSURANCE COMPANY,"30 SOUTH ROAD, FARMINGTON, CT 06032",(860) 415-8400
"ACUITY, A Mutual Insurance Company","2800 South Taylor Drive, P.O. Box 58, Sheboygan, WI 53082 - 0058",(920) 458-9131
ALL AMERICA INSURANCE COMPANY,"P.O. BOX 351, VAN WERT, OH 45891 - 0351",(419) 238-1010
Allegheny Casualty Company,"One Newark Center, 20th Floor, Newark, NJ 07102",(800) 333-4167
ALLIED Property and Casualty Insurance Company,"ONE WEST NATIONWIDE BLVD., 1-14-301, COLUMBUS, OH 43215 - 2220",(866) 387-0457
Allied World Insurance Company,"199 Water Street, New York, NY 10038",(646) 794-0500
Allied World Specialty Insurance Company,"199 WATER STREET, NEW YORK, NY 10038",(646) 794-0500
AMCO Insurance Company,"ONE WEST NATIONWIDE BLVD., 1-14-301, COLUMBUS, OH 43215 - 2220",(866) 387-0457
AMERICAN ALTERNATIVE INSURANCE CORPORATION,"555 COLLEGE ROAD EAST - P.O. BOX 5241, PRINCETON, NJ 08543",(609) 243-4200
"American Casualty Company of Reading, Pennsylvania","151 N. Franklin Street, CHICAGO, IL 60606",(312) 822-5000
AMERICAN CONTRACTORS INDEMNITY COMPANY,"801 South Figueroa Street, Suite 700, Los Angeles, CA 90017",(310) 649-0990
American Fire and Casualty Company,"175 Berkeley Street, Boston, MA 02116",(617) 357-9500
American Guarantee and Liability Insurance Company,"1299 ZURICH WAY, 10TH FLOOR, SCHAUMBURG, IL 60196 - 1056",(847) 605-6000
American Home Assurance Company,"1271 AVENUE OF THE AMERICAS, 37TH FLOOR, NEW YORK, NY 10020 - 1304",(212) 770-7000
AMERICAN ROAD INSURANCE COMPANY,"One American Road, MD 7600, Dearborn, MI 48126 - 2701",(313) 337-1102
American Select Insurance Company,"P. O. BOX 5001, WESTFIELD CENTER, OH 44251 - 5001",(330) 887-0101
American Southern Insurance Company,"P.O. Box 723030, Atlanta, GA 31139 - 0030",(404) 266-9599
American Surety Company,"250 East 96th Street, Suite 202, Indianapolis, IN 46240",(317) 875-8700
Amerisure Insurance Company,"P.O. Box 9098; Farmington Hills, MI 48333-9098",(248) 615-9000
Amerisure Mutual Insurance Company,"P.O. Box 9098; Farmington Hills, MI 48333-9098",(248) 615-9000
Amerisure Partners Insurance Company,"P.O. Box 9098; Farmington Hills, MI 48333-9098",(248) 615-9000
Antilles Insurance Company,"PO Box 9023507 , San Juan , PR 00902 - 3507",(787) 474-4900
Arch Insurance Company,"Harborside 3, 210 Hudson Street, Suite 300, JERSEY CITY, NJ 07311 - 1107",(201) 743-4000
Arch Reinsurance Company,"445 SOUTH STREET, SUITE 220, P.O. BOX 1988, MORRISTOWN, NJ 07962 - 1988",(973) 898-9575
Argonaut Insurance Company,"P.O. BOX 469011, SAN ANTONIO, TX 78246",(210) 321-8400
Ascot Surety & Casualty Company,"55 W 46TH ST, NEW YORK, NY 10036",(646) 356-8101
ASPEN AMERICAN INSURANCE COMPANY,"400 CAPITAL BOULEVARD, SUITE 200, ROCKY HILL, CT 06067",(860) 393-2230
Atlantic Specialty Insurance Company,"605 Highway 169 North, Suite 800, Plymouth, MN 55441",(800) 662-0156
Auto-Owners Insurance Company,"P.O. BOX 30660, LANSING, MI 48909 - 8160",(517) 323-1200
AXIS Insurance Company,"10000 AVALON BOULEVARD, SUITE 200, ALPHARETTA, GA 30009",(678) 746-9400
AXIS Reinsurance Company,"10000 AVALON BOULEVARD, SUITE 200, ALPHARETTA, GA 30009",(678) 746-9400
Bankers Insurance Company,"P.O. BOX 15707, ST. PETERSBURG, FL 33733",(727) 823-4000
Bankers Standard Insurance Company,"436 WALNUT STREET, P.O. Box 1000, Philadelphia, PA 19106",(215) 640-1000
"Beazley Insurance Company, Inc.","30 Batterson Park Road, Farmington, CT 06032",(860) 677-3700
Berkley Insurance Company,"475 STEAMBOAT ROAD, GREENWICH, CT 06830",(203) 542-3800
Berkley National Insurance Company,"P.O. BOX 9190, DES MOINES, IA 50306 - 9190",(800) 343-0592
Berkley Regional Insurance Company,"P.O. BOX 9190, DES MOINES, IA 50306 - 9190",(515) 473-3000
Berkshire Hathaway Homestate Insurance Company,"1314 Douglas Street, Suite 1300, Omaha, NE 68102 - 1944",(402) 393-7255
Berkshire Hathaway Specialty Insurance Company,"1314 Douglas Street, Suite 1400, Omaha, NE 68102 - 1944",(402) 916-3000
_x000c_BITCO GENERAL INSURANCE CORPORATION,"3700 MARKET SQUARE CIRCLE, DAVENPORT, IA 52807",(800) 475-4477
BOND SAFEGUARD INSURANCE COMPANY,"10002 Shelbyville Road, Suite 100, Louisville, KY 40223 - 2979",(615) 553-9500
Bondex Insurance Company,"P.O. BOX 723099, ATLANTA, GA 31139 - 0099",(678) 309-4000
Brierfield Insurance Company,"6300 University Parkway, Sarasota, FL 34240 - 8424",(800) 226-3224
BRITISH AMERICAN INSURANCE COMPANY,"P.O. Box 1590, Dallas, TX 75221 - 1590",(214) 443-5500
Capitol Indemnity Corporation,"P.O. Box 5900, Madison, WI 53705 - 0900",(608) 829-4200
Carolina Casualty Insurance Company,"PO BOX 9190, DES MOINES, IA 50306 - 9190",(904) 363-0900
Centennial Casualty Company,"2200 Woodcrest Place, Suite 200, Birmingham, AL 35209",(205) 414-2600
CENTRAL MUTUAL INSURANCE COMPANY,"P.O. BOX 351, VAN WERT, OH 45891 - 0351",(419) 238-1010
CENTURY SURETY COMPANY,"550 Polaris Parkway, Westerville, OH 43082",(614) 895-2000
Charter Oak Fire Insurance Company,"ONE TOWER SQUARE, HARTFORD, CT 06183",(860) 277-0111
Cherokee Insurance Company,"34200 Mound Road, Sterling Heights, MI 48310",(800) 201-0450 x-3400
CHUBB INDEMNITY INSURANCE COMPANY,"202B Hall's Mill Road, Whitehouse Station, NJ 08889",(215) 640-1000
Cincinnati Casualty Company,"P.O. Box 145496, Cincinnati, OH 45250 - 5496",(513) 870-2000
"CINCINNATI INDEMNITY COMPANY, THE","P.O. BOX 145496, CINCINNATI, OH 45250 - 5496",(513) 870-2000
Cincinnati Insurance Company,"P.O. BOX 145496, CINCINNATI, OH 45250 - 5496",(513) 870-2000
CITIZENS INSURANCE COMPANY OF AMERICA,"440 LINCOLN STREET, WORCESTER, MA 01653 - 0002",(508) 853-7200
COLONIAL AMERICAN CASUALTY AND SURETY COMPANY,"1299 ZURICH WAY, 10TH FLOOR, SCHAUMBURG, IL 60196 - 1056",(847) 605-6000
COLONIAL SURETY COMPANY,"123 Tice Boulevard, Suite 250, Woodcliff Lake, NJ 07677",(201) 573-8788
Continental Casualty Company,"151 N. Franklin Street, CHICAGO, IL 60606",(312) 822-5000
CONTINENTAL HERITAGE INSURANCE COMPANY,"200 PARK AVENUE, STE 400, ORANGE VILLAGE, OH 44122",(440) 995-1420
Continental Insurance Company,"151 N. Franklin Street, CHICAGO, IL 60606",(312) 822-5000
CONTRACTORS BONDING AND INSURANCE COMPANY,"9025 N. Lindbergh Drive, Peoria, IL 61615",(309) 692-1000 x-5652
_x000c_Cooperativa de Seguros Multiples de Puerto Rico,"P.O. BOX 363846, SAN JUAN, PR 00936 - 3846",(787) 622-3575 x-2452
CorePointe Insurance Company,"800 SUPERIOR AVENUE E., 21ST FLOOR, CLEVELAND, OH 44114",(216) 328-6100
Crestbrook Insurance Company,"ONE WEST NATIONWIDE BLVD., 1-14-301, COLUMBUS, OH 43215 - 2220",(866) 387-0457
"CUMIS INSURANCE SOCIETY, INC.","5910 MINERAL POINT ROAD, MADISON, WI 53705",(608) 238-5851
"CUMIS Specialty Insurance Company, Inc.","5910 MINERAL POINT ROAD, MADISON, WI 53705",(608) 238-5851
Developers Surety and Indemnity Company,"800 SUPERIOR AVENUE E., 21ST FLOOR, CLEVELAND, OH 44114",(216) 328-6100
Employers Insurance Company of Wausau,"175 Berkeley Street, Boston, MA 02116",(617) 357-9500
Employers Mutual Casualty Company,"P.O. BOX 712, DES MOINES, IA 50306 - 0712",(515) 280-2511
Endurance American Insurance Company,"4 MANHATTANVILLE ROAD, PURCHASE, NY 10577",(914) 468-8000
Endurance Assurance Corporation,"4 MANHATTANVILLE ROAD, PURCHASE, NY 10577",(914) 468-8000
Erie Insurance Company,"100 ERIE INSURANCE PLACE, ERIE, PA 16530",(814) 870-2000
Euler Hermes North America Insurance Company,"100 International Drive, 22nd Floor, Baltimore, MD 21202",(877) 883-3224
Everest National Insurance Company,"100 Everest Way, Warren Corporate Center, Warren, NJ 07059",(908) 604-3000
Everest Reinsurance Company,"100 Everest Way, Warren Corporate Center, Warren, NJ 07059",(908) 604-3000
Evergreen National Indemnity Company,"6150 Oak Tree Blvd., STE 440, Independence, OH 44131",(440) 229-3420
Executive Risk Indemnity Inc.,"202B Hall's Mill Road, Whitehouse Station, NJ 08889",(215) 640-1000
Explorer Insurance Company,"P.O. BOX 509039, SAN DIEGO, CA 92150",(858) 350-2400
Fair American Insurance and Reinsurance Company,"One Liberty Plaza, 165 Broadway, New York, NY 10006",(212) 365-2200
Farmers Alliance Mutual Insurance Company,"P.O. Box 1401, McPherson, KS 67460",(620) 241-2200
Farmington Casualty Company,"ONE TOWER SQUARE, HARTFORD, CT 06183",(860) 277-0111
FCCI Insurance Company,"6300 University Parkway, Sarasota, FL 34240 - 8424",(800) 226-3224
Federal Insurance Company,"202B Hall's Mill Road, Whitehouse Station, NJ 08889",(215) 640-1000
FEDERATED MUTUAL INSURANCE COMPANY,"121 EAST PARK SQUARE, OWATONNA, MN 55060",(507) 455-5200
_x000c_Fidelity and Deposit Company of Maryland,"1299 ZURICH WAY, 10TH FLOOR, SCHAUMBURG, IL 60196 - 1056",(847) 605-6000
FIDELITY AND GUARANTY INSURANCE COMPANY,"One Tower Square, Hartford, CT 06183",(860) 277-0111
"Fidelity and Guaranty Insurance Underwriters, Inc.","One Tower Square, Hartford, CT 06183",(860) 277-0111
"Financial Casualty & Surety, Inc.","3131 EASTSIDE, SUITE 250, HOUSTON, TX 77098",(877) 737-2245
Financial Pacific Insurance Company,"P.O. BOX 73909, CEDAR RAPIDS, IA 52407 - 3909",(319) 399-5700
Fireman's Fund Insurance Company,"225 W. WASHINGTON STREET, SUITE 1800, CHICAGO, IL 60606 - 3484",(888) 466-7883
First Founders Assurance Company,"6 Mill Ridge Lane, Chester, NJ 07930 - 2486",(908) 879-0990
First Net Insurance Company,"424 WEST O'BRIEN DRIVE, STE 202, HAGATNA, GU 96910",(671) 477-8613 x-301
Frankenmuth Insurance Company,"One Mutual Avenue, Frankenmuth, MI 48787 - 0001",(989) 652-6121
General Casualty Company Of Wisconsin,"One QBE Way, Sun Prairie, WI 53596",(800) 362-5448
General Reinsurance Corporation,"120 LONG RIDGE ROAD, STAMFORD, CT 06902 - 1843",(203) 328-5000
GENERAL STAR NATIONAL INSURANCE COMPANY,"120 LONG RIDGE ROAD, STAMFORD, CT 06902",(203) 328-5700
"GRANITE RE, INC.","14001 Quailbrook Drive, Oklahoma City, OK 73134",(405) 752-2600
Granite State Insurance Company,"1271 AVENUE OF THE AMERICAS, 37TH FLOOR, NEW YORK, NY 10020 - 1304",(212) 770-7000
GRAY CASUALTY & SURETY COMPANY,"P.O. Box 6202, Metairie, LA 70009 - 6202",(504) 888-7790
GRAY INSURANCE COMPANY,"P.O. BOX 6202, METAIRIE, LA 70009 - 6202",(504) 888-7790
Great American Alliance Insurance Company,"301 E. FOURTH STREET, CINCINNATI, OH 45202",(513) 369-5000
Great American Insurance Company,"301 E. FOURTH STREET, CINCINNATI, OH 45202",(513) 369-5000
GREAT AMERICAN INSURANCE COMPANY OF NEW YORK,"301 E. FOURTH STREET, CINCINNATI, OH 45202",(513) 369-5000
_x000c_Great American Security Insurance Company,"301 E. FOURTH STREET, CINCINNATI, OH 45202",(513) 369-5000
Great Midwest Insurance Company,"800 Gessner, Suite 600, Houston, TX 77024",(713) 935-0226
Great Northern Insurance Company,"202B Hall's Mill Road, Whitehouse Station, NJ 08889",(215) 640-1000
Guarantee Company of North America USA,"605 Highway 169 North, Suite 800, Plymouth, MN 55441",(800) 662-0156
Hanover Insurance Company,"440 LINCOLN STREET, WORCESTER, MA 01653 - 0002",(508) 853-7200
HARCO NATIONAL INSURANCE COMPANY,"4200 SIX FORKS ROAD, SUITE 1400, RALEIGH, NC 27609",(919) 833-1600
Hartford Accident and Indemnity Company,"One Hartford Plaza, Hartford, CT 06155 - 0001",(860) 547-5000
Hartford Casualty Insurance Company,"One Hartford Plaza, Hartford, CT 06155 - 0001",(860) 547-5000
Hartford Fire Insurance Company,"One Hartford Plaza, Hartford, CT 06155 - 0001",(860) 547-5000
Hartford Insurance Company of the Midwest,"One Hartford Plaza, Hartford, CT 06155 - 0001",(860) 547-5000
HDI Global Select Insurance Company,"161 N. Clark Street - 48th Floor, Chicago, IL 60601",(312) 580-1900
Hudson Insurance Company,"100 William Street, 5th Floor, New York, NY 10038",(212) 978-2800
IMT Insurance Company,"P.O. Box 1336, Des Moines, IA 50306 - 1336",(515) 453-0777
Indemnity Insurance Company of North America,"436 WALNUT STREET, P.O. Box 1000, Philadelphia, PA 19106",(215) 640-1000
Indemnity National Insurance Company,"238 Bedford Way, Franklin, TN 37064",(615) 592-5346
_x000c_Inland Insurance Company,"P.O. Box 80468 , Lincoln , NE 68501",(402) 435-4302
Insurance Company Of North America,"436 WALNUT STREET, P.O. Box 1000, Philadelphia, PA 19106",(215) 640-1000
Insurance Company of the State of Pennsylvania,"1271 AVENUE OF THE AMERICAS, 37TH FLOOR, NEW YORK, NY 10020 - 1304",(212) 770-7000
Insurance Company of the West,"P.O. BOX 509039, SAN DIEGO, CA 92150",(858) 350-2400
Insurors Indemnity Company,"P.O. Box 32577, Waco, TX 76703",(254) 759-3700
International Fidelity Insurance Company,"One Newark Center , Newark , NJ 07102 - 5207",(973) 624-7200
IRONSHORE INDEMNITY INC.,"175 Berkeley Street, Boston, MA 02116",(617) 357-9500
"ISLAND INSURANCE COMPANY, LIMITED","P.O. Box 1520, Honolulu, HI 96806 - 1520",(808) 564-8200
LEXINGTON NATIONAL INSURANCE CORPORATION,"P.O. BOX 6098, LUTHERVILLE, MD 21094",(410) 625-0800
Lexon Insurance Company,"10002 SHELBYVILLE ROAD, SUITE 100, LOUISVILLE, KY 40223",(615) 553-9500
Liberty Mutual Fire Insurance Company,"175 Berkeley Street, Boston, MA 02116",(617) 357-9500
Liberty Mutual Insurance Company,"175 Berkeley Street, Boston, MA 02116",(617) 357-9500
LM Insurance Corporation,"175 Berkeley Street, Boston, MA 02116",(617) 357-9500
Manufacturers Alliance Insurance Company,"P. O. BOX 3031, BLUE BELL, PA 19422 - 0754",(610) 397-5000
MARKEL INSURANCE COMPANY,"4521 Highwoods Parkway, Glen Allen, VA 23060",(800) 431-1270 x-3888
Massachusetts Bay Insurance Company,"440 LINCOLN STREET, WORCESTER, MA 01653 - 0002",(508) 853-7200
Merchants Bonding Company,"P.O. BOX 14498, DES MOINES, IA 50306 - 3498",(515) 243-8171
"Merchants National Bonding, Inc.","P.O. BOX 14498, DES MOINES, IA 50306 - 3498",(515) 243-8171
Michigan Millers Mutual Insurance Company,"P.O. BOX 30060, LANSING, MI 48909 - 7560",(517) 482-6211
Mid-Century Insurance Company,"6301 OWENSMOUTH AVE, WOODLAND HILLS, CA 91367 - 2216",(818) 965-0433
MID-CONTINENT CASUALTY COMPANY,"P.O. Box 1409, Tulsa, OK 74101",(918) 587-7221
Motorists Mutual Insurance Company,"471 East Broad Street, Columbus, OH 43215",(614) 225-8211
Motors Insurance Corporation,"500 WOODWARD AVE, 14TH FLOOR, DETROIT, MI 48226",(313) 656-3763
"_x000c_Munich Reinsurance America, Inc.","555 COLLEGE ROAD EAST - P.O. BOX 5241, PRINCETON, NJ 08543",(609) 243-4200
National American Insurance Company,"P.O. Box 9 , Chandler , OK 74834",(405) 258-0804
National Casualty Company,"ONE WEST NATIONWIDE BLVD., 1-14-301, COLUMBUS, OH 43215 - 2220",(866) 387-0457
NATIONAL FARMERS UNION PROPERTY AND CASUALTY COMPANY,"P.O. Box 3199, Winston-Salem, NC 27102 - 3199",(336) 435-2000
National Fire & Marine Insurance Company,"1314 Douglas Street, Suite 1400, Omaha, NE 68102 - 1944",(402) 916-3000
National Fire Insurance Company of Hartford,"151 N. FRANKLIN STREET, CHICAGO, IL 60606",(312) 822-5000
National Indemnity Company,"1314 Douglas Street, Suite 1400, Omaha, NE 68102 - 1944",(402) 916-3000
National Liability & Fire Insurance Company,"1314 Douglas Street, Suite 1400, Omaha, NE 68102 - 1944",(402) 916-3000
NATIONAL TRUST INSURANCE COMPANY,"6300 University Parkway, Sarasota, FL 34240 - 8424",(800) 226-3224
"National Union Fire Insurance Company of Pittsburgh, PA","1271 Avenue of the Americas, 37th Floor, New York, NY 10020 - 1304",(212) 770-7000
Nationwide Agribusiness Insurance Company,"ONE WEST NATIONWIDE BLVD., 1-14-301, COLUMBUS, OH 43215 - 2220",(866) 387-0457
Nationwide Mutual Insurance Company,"ONE WEST NATIONWIDE BLVD., 1-14-301, COLUMBUS, OH 43215 - 2220",(866) 387-0457
NAVIGATORS INSURANCE COMPANY,"ONE HARTFORD PLAZA, HARTFORD, CT 06155 - 0001",(860) 547-5000
New Hampshire Insurance Company,"1271 AVENUE OF THE AMERICAS, 37TH FLOOR, NEW YORK, NY 10020 - 1304",(212) 770-7000
NEW YORK MARINE AND GENERAL INSURANCE COMPANY,"412 Mt. Kemble Ave, Suite 300C, Morristown, NJ 07960",(800) 774-2755
_x000c_NGM Insurance Company,"4601 Touchton Road East, Suite 3400, Jacksonville, FL 32246",(904) 380-7282
NOVA Casualty Company,"440 LINCOLN STREET, WORCESTER, MA 01653 - 0002",(508) 853-7200
Ohio Casualty Insurance Company,"175 Berkeley Street, Boston, MA 02116",(617) 357-9500
Ohio Farmers Insurance Company,"P. O. Box 5001 , Westfield Center , OH 44251 - 5001",(330) 887-0101
Ohio Indemnity Company,"250 E. Broad St., 7th Floor, Columbus, OH 43215 - 0000",(614) 228-2800
Oklahoma Surety Company,"P.O. Box 1409, Tulsa, OK 74101",(918) 587-7221
OLD DOMINION INSURANCE COMPANY,"55 WEST STREET, KEENE, NH 03431",(904) 380-7282
Old Republic General Insurance Corporation,"307 NORTH MICHIGAN AVENUE, CHICAGO, IL 60601",(312) 346-8100
Old Republic Insurance Company,"631 EXCEL DRIVE, SUITE 200, MT. PLEASANT, PA 15666",(724) 834-5000
Old Republic Surety Company,"PO BOX 1635, MILWAUKEE, WI 53201 - 1635",(262) 797-2640
Pacific Indemnity Company,"202B Hall's Mill Road, Whitehouse Station, NJ 08889",(215) 640-1000
PARTNER REINSURANCE COMPANY OF THE U.S.,"200 First Stamford Place, Suite 400, Stamford, CT 06902",(203) 485-4200
Pekin Insurance Company,"2505 COURT STREET, PEKIN, IL 61558 - 0001",(309) 346-1161
Pennsylvania Insurance Company,"P.O. Box 3646, Omaha, NE 68103 - 0646",(402) 827-3424
Pennsylvania Manufacturers' Association Insurance Company,"P. O. BOX 3031, BLUE BELL, PA 19422 - 0754",(610) 397-5000
Pennsylvania Manufacturers Indemnity Company,"P. O. BOX 3031, BLUE BELL, PA 19422 - 0754",(610) 397-5000
Pennsylvania National Mutual Casualty Insurance Company,"P.O. Box 2361, Harrisburg, PA 17105 - 2361",(717) 234-4941
PHILADELPHIA INDEMNITY INSURANCE COMPANY,"One Bala Plaza, Suite 100, Bala Cynwyd, PA 19004-0950",(610) 206-7836
PLATTE RIVER INSURANCE COMPANY,"P.O. Box 5900, Madison, WI 53705 - 0900",(608) 829-4200
_x000c_Plaza Insurance Company,"518 East Broad Street, Columbus, OH 43215",(833) 724-3577
ProCentury Insurance Company,"550 Polaris Parkway, Westerville, OH 43082",(614) 895-2000
Progressive Casualty Insurance Company,"P.O. BOX 89490, CLEVELAND, OH 44101 - 6490",(440) 461-5000
Progressive Northwestern Insurance Company,"P.O. BOX 89490, CLEVELAND, OH 44101 - 6490",(440) 461-5000
Protective Insurance Company,"111 Congressional Blvd., Suite 500, Carmel, IN 46032",(317) 636-9800 x-7433
Protective Property & Casualty Insurance Company,"14755 North Outer Forty Rd., Suite 400, St. Louis, MO 63017",(636) 536-5600
QBE Insurance Corporation,"One QBE Way, Sun Prairie, WI 53596",(800) 362-5448
Regent Insurance Company,"One QBE Way, Sun Prairie, WI 53596",(800) 362-5448
RLI Insurance Company,"9025 N. Lindbergh Drive, Peoria, IL 61615",(309) 692-1000
"Roche Surety and Casualty Company, Inc.","4107 N HIMES AVE 2ND FLOOR, TAMPA, FL 33607",(813) 623-5042
Rockwood Casualty Insurance Company,"654 Main Street, Rockwood, PA 15557",(814) 926-4661
SAFECO Insurance Company of America,"175 Berkeley Street, Boston, MA 02116",(617) 357-9500
Safety National Casualty Corporation,"1832 Schuetz Road, St. Louis, MO 63146 - 3540",(314) 692-1369
Sagamore Insurance Company,"111 Congressional Blvd., Suite 500, Carmel, IN 46032",(317) 636-9800 x-7433
SECURA Insurance Company,"P.O. Box 819 , Appleton , WI 54912 - 0819",(920) 739-3161
Selective Insurance Company of America,"40 WANTAGE AVENUE, BRANCHVILLE, NJ 07890",(973) 948-3000
"Seneca Insurance Company, Inc.","199 WATER STREET, NEW YORK, NY 10038 - 3521",(212) 344-3000
Sentry Insurance Company,"1800 NORTH POINT DRIVE, STEVENS POINT, WI 54481",(715) 346-6000
Sentry Select Insurance Company,"1800 NORTH POINT DRIVE, STEVENS POINT, WI 54481",(715) 346-6000
_x000c_SERVICE INSURANCE COMPANY INC.,"80 MAIN STREET, WEST ORANGE, NJ 07052",(973) 731-7650
SIRIUSPOINT AMERICA INSURANCE COMPANY,"1 WORLD TRADE CTR, 285 FULTON ST, 47TH FL STE 47J, NEW YORK, NY 10007",(212) 312-2500
SOUTHWEST MARINE AND GENERAL INSURANCE COMPANY,"412 Mt. Kemble Ave, Suite 300C, Morristown, NJ 07960",(800) 774-2755
St. Paul Fire and Marine Insurance Company,"ONE TOWER SQUARE, HARTFORD, CT 06183",(860) 277-0111
ST. PAUL GUARDIAN INSURANCE COMPANY,"One Tower Square, Hartford, CT 06183",(860) 277-0111
St. Paul Mercury Insurance Company,"One Tower Square, Hartford, CT 06183",(860) 277-0111
Standard Fire Insurance Company,"ONE TOWER SQUARE, HARTFORD, CT 06183",(860) 277-0111
Star Insurance Company,"26255 American Drive, Southfield, MI 48034",(248) 358-1100
StarNet Insurance Company,"PO BOX 9190, DES MOINES, IA 50306 - 9190",(800) 343-0592
Starr Specialty Insurance Company,"399 Park Avenue, 3rd floor, New York, NY 10022",(646) 227-6400
State Auto Property and Casualty Insurance Company,"518 EAST BROAD STREET, COLUMBUS, OH 43215",(833) 724-3577
State Automobile Mutual Insurance Company,"518 EAST BROAD STREET, COLUMBUS, OH 43215",(833) 724-3577
State Farm Fire and Casualty Company,"ONE STATE FARM PLAZA, BLOOMINGTON, IL 61710",(309) 766-2311
Stillwater Property and Casualty Insurance Company,"P. O. Box 45126, Jacksonville, FL 32232 - 5126",(800) 849-6140
SureTec Insurance Company,"2103 CityWest Blvd., Suite 1300, Houston, TX 77042",(713) 812-0800
SURETY BONDING COMPANY OF AMERICA,"151 N. Franklin Street, CHICAGO, IL 60606",(312) 822-5000
Swiss Re Corporate Solutions America Insurance Corporation,"1200 MAIN ST. SUITE 800, KANSAS CITY, MO 64105 - 2478",(816) 235-3700
Swiss Re Corporate Solutions Premier Insurance Corporation,"1200 MAIN ST. SUITE 800, KANSAS CITY, MO 64105 - 2478",(816) 235-3700
Swiss Reinsurance America Corporation,"175 KING STREET, ARMONK, NY 10504 - 1606",(914) 828-8000
_x000c_TRANSATLANTIC REINSURANCE COMPANY,"One Liberty Plaza, 165 Broadway, NEW YORK, NY 10006",(212) 365-2200
Travelers Casualty and Surety Company,"ONE TOWER SQUARE, HARTFORD, CT 06183",(860) 277-0111
Travelers Casualty and Surety Company of America,"ONE TOWER SQUARE, HARTFORD, CT 06183",(860) 277-0111
Travelers Casualty Insurance Company of America,"ONE TOWER SQUARE, HARTFORD, CT 06183",(860) 277-0111
Travelers Indemnity Company,"ONE TOWER SQUARE, HARTFORD, CT 06183",(860) 277-0111
TRAVELERS INDEMNITY COMPANY OF AMERICA,"ONE TOWER SQUARE, HARTFORD, CT 06183",(860) 277-0111
Travelers Indemnity Company of Connecticut,"ONE TOWER SQUARE, HARTFORD, CT 06183",(860) 277-0111
Travelers Property Casualty Company of America,"ONE TOWER SQUARE, HARTFORD, CT 06183",(860) 277-0111
U.S. Specialty Insurance Company,"13403 Northwest Freeway, Houston, TX 77040",(713) 324-1000
Union Insurance Company,"P.O. BOX 9190, DES MOINES, IA 50306 - 9190",(972) 719-2400
UNITED CASUALTY AND SURETY INSURANCE COMPANY,"233 Needham Street, Suite 440, Newton, MA 02464",(617) 471-1112
United Fire & Casualty Company,"PO BOX 73909, CEDAR RAPIDS, IA 52407 - 3909",(319) 399-5700
UNITED FIRE & INDEMNITY COMPANY,"P.O. BOX 73909, CEDAR RAPIDS, IA 52407 - 3909",(319) 399-5700
United States Fidelity and Guaranty Company,"ONE TOWER SQUARE, HARTFORD, CT 06183",(860) 277-0111
United States Fire Insurance Company,"305 MADISON AVENUE, MORRISTOWN, NJ 07960",(973) 490-6600
_x000c_United States Surety Company,"225 Schilling Circle, Suite 265-270, Hunt Valley, MD 21031",(410) 453-9522
UNITED SURETY AND INDEMNITY COMPANY,"PO Box 2111, San Juan, PR 00922 - 2111",(787) 273-1818
Universal Fire & Casualty Insurance Company,"2850 DIXIE HWY, SUITE 100, WATERFORD, MI 48328",(616) 662-3900
UNIVERSAL INSURANCE COMPANY,"GPO BOX 71338, SAN JUAN, PR 00936",(787) 706-7155
_x000c_Universal Surety Company,"P.O. Box 80468, Lincoln, NE 68501",(402) 435-4302
UNIVERSAL UNDERWRITERS INSURANCE COMPANY,"1299 ZURICH WAY, 10TH FLOOR, SCHAUMBURG, IL 60196 - 1056",(847) 605-6000
Utica Mutual Insurance Company,"P.O. BOX 530, UTICA, NY 13503 - 0530",(800) 598-8422
VerTerra Insurance Company,"P.O. BOX 509039, SAN DIEGO, CA 92150",(858) 350-2400
Vigilant Insurance Company,"202B Hall's Mill Road, Whitehouse Station, NJ 08889",(215) 640-1000
West American Insurance Company,"175 Berkeley Street, Boston, MA 02116",(617) 357-9500
WEST BEND INSURANCE COMPANY,"1900 South 18th Avenue, West Bend, WI 53095",(262) 334-5571
Westchester Fire Insurance Company,"436 Walnut Street, P.O. Box 1000, Philadelphia, PA 19106",(215) 640-1000
Western National Mutual Insurance Company,"P.O. BOX 1463, MINNEAPOLIS, MN 55440",(952) 835-5350
Western Surety Company,"151 N. Franklin Street, CHICAGO, IL 60606",(312) 822-5000
Westfield Insurance Company,"P. O. Box 5001 , Westfield Center , OH 44251 - 5001",(330) 887-0101
Westfield National Insurance Company,"P. O. Box 5001 , Westfield Center , OH 44251 - 5001",(330) 887-0101
Westport Insurance Corporation,"1200 MAIN ST. SUITE 800, KANSAS CITY, MO 64105 - 2478",(816) 235-3700
XL Specialty Insurance Company,"677 WASHINGTON BLVD., 10TH FLOOR, SUITE 1000, STAMFORD, CT 06901",(203) 964-5200
Zurich American Insurance Company,"1299 ZURICH WAY, 10TH FLOOR, SCHAUMBURG, IL 60196 - 1056",(847) 605-6000
